证券简称,股票代码,企业全称,交易所,币种,单位,报告期间,数据类型,资产负债表.货币资金,资产负债表.流动资产,资产负债表.非流动资产,资产负债表.总资产,资产负债表.实收资本,资产负债表.资本公积,资产负债表.股东权益合计,资产负债表.流动负债,资产负债表.非流动负债,资产负债表.总负债,现金流量表.经营性现金流入,现金流量表.经营性现金流出,现金流量表.经营活动产生的现金流量净额,现金流量表.投资活动现金流入,现金流量表.投资活动现金流出,现金流量表.投资活动产生的现金流量净额,现金流量表.筹资活动现金流入,现金流量表.筹资活动现金流出,现金流量表.筹资活动产生的现金流量净额,利润表.净利润,利润表.营业总收入,利润表.营业收入,利润表.营业总成本,利润表.营业成本,利润表.研发费用,利润表.营业税金及附加,利润表.营业利润,利润表.营业外收入,利润表.营业外支出,利润表.利润总额,利润表.所得税,研发投入占比,毛利率,总资产周转率
Artius II Acquisition Inc.,AACB,Artius II Acquisition Inc.,NASDAQ,USD,美元,2025-09-30,Q,141921.0,329323.0,225903178.0,226232501.0,225851999.0,225851999.0,213401985.0,230516.0,12600000.0,12830516.0,0.0,98470.0,-98470.0,,,0.0,,,0.0,2210556.0,0.0,0.0,240840.0,,,0.0,-240840.0,,,2210556.0,,,,
Artius II Acquisition Inc.,AACB,Artius II Acquisition Inc.,NASDAQ,USD,美元,2025-06-30,Q,240391.0,459793.0,223488969.0,223948762.0,568.0,568.0,-12208606.0,157333.0,236000035.0,236157368.0,0.0,115735.0,-115735.0,,,0.0,,,0.0,2107012.0,0.0,0.0,219584.0,,,0.0,-219584.0,,,2107012.0,,,,
Artius II Acquisition Inc.,AACB,Artius II Acquisition Inc.,NASDAQ,USD,美元,2025-03-31,Q,356126.0,594440.0,221199561.0,221794001.0,221074007.0,221074007.0,209084417.0,109584.0,12600000.0,12709584.0,0.0,518215.0,-518215.0,0.0,220000000.0,-220000000.0,220874341.0,0.0,220874341.0,-5068049.0,0.0,0.0,6141488.0,,,0.0,-6141488.0,,,-5068049.0,,,,
ATA Creativity Global,AACG,ATA Creativity Global,NASDAQ,USD,美元,2025-09-30,Q,96807261.0,126538828.0,335993383.0,462532211.0,4764603.0,4764603.0,58885029.0,386132449.0,17579017.0,403711466.0,,,,,,,,,,2369436.0,67304440.0,67304440.0,77862040.0,40930214.0,760913.0,2981349.5,-10557600.0,,,1461761.0,-907675.0,1.1305539426522233,39.18645783249961,0.14551297920308517
ATA Creativity Global,AACG,ATA Creativity Global,NASDAQ,USD,美元,2025-06-30,Q,34673597.0,70183150.0,374058085.0,444241235.0,4764603.0,4764603.0,55878990.0,374192788.0,14233741.0,388426529.0,,,,,,,,,,-10768435.0,55890383.0,55890383.0,69638090.0,27583669.0,850299.0,-1659.713947,-13747707.0,,,-13721455.0,-2953020.0,1.521369069880949,50.64684205152075,0.12581088516017655
ATA Creativity Global,AACG,ATA Creativity Global,NASDAQ,USD,美元,2025-03-31,Q,39410928.0,73240281.0,384103179.0,457343460.0,4758893.0,4758893.0,66458797.0,371709247.0,19239700.0,390948947.0,,,,,,,,,,-13344642.0,55790906.0,55790906.0,72580504.0,30402595.0,748002.0,-551.709574,-16789598.0,,,-16730778.0,-3386108.0,1.3407238806984063,45.50618159884336,0.12198907578125201
ATA Creativity Global,AACG,ATA Creativity Global,NASDAQ,USD,美元,2024-12-31,Q,36523995.0,66639674.0,390287591.0,456927265.0,4755623.0,4755623.0,79710448.0,354495409.0,22785664.0,377281073.0,422090.0,0.0,422090.0,0.0,1432769.0,-1432769.0,0.0,1970784.0,-1970784.0,13256733.0,100915609.0,100915609.0,83921349.0,37251567.0,779087.0,-92218.207295,16994260.0,,,16678656.0,3421946.0,0.7720183306826202,63.08641708737049,0.2208570525989514
ATA Creativity Global,AACG,ATA Creativity Global,NASDAQ,USD,美元,2024-09-30,Q,39391127.0,60273299.0,399175863.0,459449162.0,4733961.0,4733961.0,66285930.0,370991600.0,22235866.0,393227466.0,,,,,,,,,,-14652246.0,67254807.0,67254807.0,84869407.0,37256461.0,740049.0,-283.52947,-17614600.0,,,-17391754.0,-2739486.0,1.1003659559977623,44.60401767266985,0.14638139006987677
"American Airlines Group, Inc.",AAL,"American Airlines Group, Inc.",NASDAQ,USD,美元,2025-09-30,Q,835000000.0,13250000000.0,48891000000.0,62141000000.0,7000000.0,7000000.0,-3962000000.0,24638000000.0,41465000000.0,66103000000.0,0.0,46000000.0,-46000000.0,974000000.0,0.0,974000000.0,0.0,921000000.0,-921000000.0,-114000000.0,13691000000.0,12683000000.0,13533000000.0,11316000000.0,,-1380281.690141,158000000.0,49000000.0,4000000.0,-142000000.0,-28000000.0,,17.34716236943978,0.2203215268502277
"American Airlines Group, Inc.",AAL,"American Airlines Group, Inc.",NASDAQ,USD,美元,2025-06-30,Q,833000000.0,15068000000.0,48599000000.0,63667000000.0,7000000.0,7000000.0,-3870000000.0,25771000000.0,41766000000.0,67537000000.0,963000000.0,0.0,963000000.0,0.0,1274000000.0,-1274000000.0,311000000.0,0.0,311000000.0,599000000.0,14392000000.0,13334000000.0,13210000000.0,10976000000.0,,-13404534.606205,1182000000.0,36000000.0,47000000.0,838000000.0,239000000.0,,23.73540856031128,0.22605117250695023
"American Airlines Group, Inc.",AAL,"American Airlines Group, Inc.",NASDAQ,USD,美元,2025-03-31,Q,835000000.0,13603000000.0,49006000000.0,62609000000.0,7000000.0,7000000.0,-4508000000.0,26112000000.0,41005000000.0,67117000000.0,2456000000.0,0.0,2456000000.0,0.0,1204000000.0,-1204000000.0,0.0,1223000000.0,-1223000000.0,-473000000.0,12551000000.0,11580000000.0,12751000000.0,10673000000.0,,-18904320.987654,-200000000.0,-44000000.0,66000000.0,-648000000.0,-175000000.0,,14.962951159270176,0.2004663866217317
"American Airlines Group, Inc.",AAL,"American Airlines Group, Inc.",NASDAQ,USD,美元,2024-12-31,Q,804000000.0,13154000000.0,48629000000.0,61783000000.0,7000000.0,7000000.0,-3977000000.0,24295000000.0,41465000000.0,65760000000.0,398000000.0,0.0,398000000.0,866000000.0,0.0,866000000.0,0.0,1295000000.0,-1295000000.0,590000000.0,13660000000.0,12622000000.0,12541000000.0,10474000000.0,,3867924.528302,1119000000.0,26000000.0,27000000.0,795000000.0,205000000.0,,23.323572474377745,0.2210964181085412
"American Airlines Group, Inc.",AAL,"American Airlines Group, Inc.",NASDAQ,USD,美元,2024-09-30,Q,834000000.0,14456000000.0,49072000000.0,63528000000.0,7000000.0,7000000.0,-4854000000.0,25532000000.0,42850000000.0,68382000000.0,277000000.0,0.0,277000000.0,58000000.0,0.0,58000000.0,0.0,142000000.0,-142000000.0,-149000000.0,13647000000.0,12725000000.0,13004000000.0,10868000000.0,,-116340000.0,643000000.0,18000000.0,554000000.0,-256000000.0,-107000000.0,,20.36344984245622,0.2148186626369475
Atlantic American Corporation,AAME,Atlantic American Corporation,NASDAQ,USD,美元,2025-09-30,Q,34444000.0,,,430855000.0,22401000.0,22456000.0,109488000.0,,,321367000.0,6642000.0,0.0,6642000.0,0.0,18621000.0,-18621000.0,,,0.0,577000.0,53760000.0,53760000.0,52991000.0,,,0.0,,,,769000.0,192000.0,,,0.1247751563751146
Atlantic American Corporation,AAME,Atlantic American Corporation,NASDAQ,USD,美元,2025-06-30,Q,46423000.0,,,429339000.0,22401000.0,22456000.0,106168000.0,,,323171000.0,9278000.0,0.0,9278000.0,1649000.0,0.0,1649000.0,0.0,407000.0,-407000.0,3316000.0,55290000.0,55290000.0,51074000.0,,,0.0,,,,4216000.0,900000.0,,,0.128779356173094
Atlantic American Corporation,AAME,Atlantic American Corporation,NASDAQ,USD,美元,2025-03-31,Q,35903000.0,,,388436000.0,22401000.0,22456000.0,102385000.0,,,286051000.0,0.0,722000.0,-722000.0,1059000.0,0.0,1059000.0,0.0,4000.0,-4000.0,802000.0,50125000.0,50125000.0,49090000.0,,,0.0,,,,1035000.0,233000.0,,,0.12904313709336931
Atlantic American Corporation,AAME,Atlantic American Corporation,NASDAQ,USD,美元,2024-12-31,Q,35570000.0,,,393428000.0,22401000.0,22456000.0,99613000.0,,,293815000.0,9613000.0,0.0,9613000.0,3322000.0,0.0,3322000.0,0.0,400000.0,-400000.0,412000.0,49043000.0,49043000.0,48498000.0,,,0.0,,,,545000.0,133000.0,,,0.12465559136614578
Atlantic American Corporation,AAME,Atlantic American Corporation,NASDAQ,USD,美元,2024-09-30,Q,23035000.0,,,386989000.0,22401000.0,22456000.0,105759000.0,,,281230000.0,90000.0,0.0,90000.0,1732000.0,0.0,1732000.0,,,0.0,-1998000.0,44519000.0,44519000.0,46973000.0,,,0.0,,,,-2454000.0,-456000.0,,,0.11503944556563624
"Applied Optoelectronics, Inc.",AAOI,"Applied Optoelectronics, Inc.",NASDAQ,USD,美元,2025-09-30,Q,136961000.0,575312000.0,403216000.0,978528000.0,68000.0,68000.0,559085000.0,249142000.0,170301000.0,419443000.0,0.0,28462000.0,-28462000.0,0.0,50478000.0,-50478000.0,152255000.0,0.0,152255000.0,-17936000.0,118630000.0,118279000.0,133598000.0,85367000.0,21265000.0,0.0,-14968000.0,-79000.0,,-17936000.0,0.0,17.92548259293602,28.039281800556353,0.12123311749893718
"Applied Optoelectronics, Inc.",AAOI,"Applied Optoelectronics, Inc.",NASDAQ,USD,美元,2025-06-30,Q,64699000.0,458338000.0,338512000.0,796850000.0,62000.0,62000.0,424981000.0,216843000.0,155026000.0,371869000.0,0.0,65474000.0,-65474000.0,0.0,38893000.0,-38893000.0,125979000.0,0.0,125979000.0,-9098000.0,102952000.0,102750000.0,117613000.0,71790000.0,20612000.0,0.0,-14661000.0,14000.0,,-9098000.0,0.0,20.020980651177247,30.2684746289533,0.1291987199598419
"Applied Optoelectronics, Inc.",AAOI,"Applied Optoelectronics, Inc.",NASDAQ,USD,美元,2025-03-31,Q,51144000.0,358842000.0,285826000.0,644668000.0,53000.0,53000.0,309013000.0,191007000.0,144648000.0,335655000.0,0.0,50915000.0,-50915000.0,0.0,36301000.0,-36301000.0,70014000.0,0.0,70014000.0,-9172000.0,99859000.0,99487000.0,108614000.0,69315000.0,17810000.0,0.0,-8755000.0,29000.0,,-9172000.0,0.0,17.83514755805686,30.58712785026888,0.1548998864531821
"Applied Optoelectronics, Inc.",AAOI,"Applied Optoelectronics, Inc.",NASDAQ,USD,美元,2024-12-31,Q,67428000.0,301268000.0,245764000.0,547032000.0,49000.0,49000.0,229112000.0,170069000.0,147851000.0,317920000.0,0.0,24616000.0,-24616000.0,0.0,29270000.0,-29270000.0,89711000.0,0.0,89711000.0,-119691000.0,100271000.0,102136000.0,106718000.0,71542000.0,16737000.0,-23547930.0,-6447000.0,280000.0,,-119689000.0,2000.0,16.691765315993656,28.651354828414995,0.18330006288480383
"Applied Optoelectronics, Inc.",AAOI,"Applied Optoelectronics, Inc.",NASDAQ,USD,美元,2024-09-30,Q,34124000.0,188363000.0,221609000.0,409972000.0,45000.0,45000.0,212086000.0,117102000.0,80784000.0,197886000.0,0.0,14440000.0,-14440000.0,0.0,9271000.0,-9271000.0,49371000.0,0.0,49371000.0,-17757000.0,65151000.0,64690000.0,81655000.0,49234000.0,13428000.0,0.0,-16504000.0,121000.0,,-17757000.0,0.0,20.61058157204034,24.430937360900064,0.15891573083039817
"AAON, Inc.",AAON,"AAON, Inc.",NASDAQ,USD,美元,2025-09-30,Q,1041000.0,759332000.0,774739000.0,1534071000.0,326000.0,326000.0,863110000.0,250182000.0,420779000.0,670961000.0,12256000.0,0.0,12256000.0,0.0,49131000.0,-49131000.0,37821000.0,0.0,37821000.0,30782000.0,384238000.0,384238000.0,340607000.0,277377000.0,,-7164.0,43631000.0,,,38442000.0,7660000.0,,27.811148298710698,0.25046950238939397
"AAON, Inc.",AAON,"AAON, Inc.",NASDAQ,USD,美元,2025-06-30,Q,14000.0,654151000.0,745262000.0,1399413000.0,326000.0,326000.0,832746000.0,210726000.0,355941000.0,566667000.0,0.0,41762000.0,-41762000.0,0.0,39104000.0,-39104000.0,59868000.0,0.0,59868000.0,15487000.0,311567000.0,311567000.0,284580000.0,228838000.0,,-701430.0,26987000.0,-68000.0,,19505000.0,4018000.0,,26.552555309130945,0.2226412074205399
"AAON, Inc.",AAON,"AAON, Inc.",NASDAQ,USD,美元,2025-03-31,Q,994000.0,571744000.0,728449000.0,1300193000.0,325000.0,325000.0,815852000.0,206617000.0,277724000.0,484341000.0,0.0,28157000.0,-28157000.0,0.0,50388000.0,-50388000.0,55471000.0,0.0,55471000.0,29292000.0,322054000.0,322054000.0,286983000.0,235690000.0,,3920.0,35071000.0,174000.0,,32483000.0,3191000.0,,26.816620815142798,0.24769707266536584
"AAON, Inc.",AAON,"AAON, Inc.",NASDAQ,USD,美元,2024-12-31,Q,14000.0,488212000.0,687022000.0,1175234000.0,326000.0,326000.0,824582000.0,174905000.0,175747000.0,350652000.0,0.0,16705000.0,-16705000.0,0.0,99327000.0,-99327000.0,98331000.0,0.0,98331000.0,24690000.0,297718000.0,297718000.0,268297000.0,220103000.0,,1012.099342,29421000.0,45000.0,,28266000.0,3576000.0,,26.069972255624453,0.25332657155936605
"AAON, Inc.",AAON,"AAON, Inc.",NASDAQ,USD,美元,2024-09-30,Q,15000.0,427836000.0,602789000.0,1030625000.0,325000.0,325000.0,796856000.0,139833000.0,93936000.0,233769000.0,46513000.0,0.0,46513000.0,0.0,38351000.0,-38351000.0,0.0,30837000.0,-30837000.0,52625000.0,327252000.0,327252000.0,261731000.0,213094000.0,,-184.0,65521000.0,81000.0,,64510000.0,11885000.0,,34.883820419737695,0.31752771376591876
Ascentage Pharma Group International,AAPG,Ascentage Pharma Group International,NASDAQ,USD,美元,2024-12-31,A,1236578000.0,1474162000.0,1143648000.0,2617810000.0,214000.0,214000.0,264194000.0,1166611000.0,1177037000.0,2343648000.0,0.0,111357000.0,-111357000.0,0.0,362035000.0,-362035000.0,314767000.0,0.0,314767000.0,-405433000.0,980650000.0,980650000.0,1350380000.0,29085000.0,947245000.0,1453000.0,-369730000.0,-4441000.0,,-395255000.0,10425000.0,96.59358588691174,97.03411002906236,0.37460701884399555
Ascentage Pharma Group International,AAPG,Ascentage Pharma Group International,NASDAQ,USD,美元,2023-12-31,A,1069296000.0,1344178000.0,1156215000.0,2500393000.0,197000.0,197000.0,60417000.0,934173000.0,1495588000.0,2429761000.0,0.0,726077000.0,-726077000.0,21922000.0,0.0,21922000.0,368751000.0,0.0,368751000.0,-925637000.0,221984000.0,221984000.0,1094620000.0,30543000.0,706972000.0,28726.864209,-872636000.0,-1402000.0,-4000.0,-932862000.0,-7150000.0,318.478809283552,86.24090024506272,0.08877964383998835
Ascentage Pharma Group International,AAPG,Ascentage Pharma Group International,NASDAQ,USD,美元,2022-12-31,A,1475639000.0,1636488000.0,1193773000.0,2830261000.0,180000.0,180000.0,408658000.0,881152000.0,1540451000.0,2421603000.0,0.0,653915000.0,-653915000.0,0.0,384612000.0,-384612000.0,619268000.0,0.0,619268000.0,-882924000.0,209711000.0,209711000.0,1059521000.0,21998000.0,743104000.0,45170.0,-849810000.0,-3060000.0,-2068000.0,-887172000.0,-4248000.0,354.346696167583,89.51032611546366,0.07409599326705205
Ascentage Pharma Group International,AAPG,Ascentage Pharma Group International,NASDAQ,USD,美元,2021-12-31,A,1706886000.0,1885280000.0,1054780000.0,2940060000.0,178000.0,178000.0,1234737000.0,361109000.0,1344214000.0,1705323000.0,0.0,604679000.0,-604679000.0,0.0,466522000.0,-466522000.0,1781387000.0,0.0,1781387000.0,-782424000.0,27910000.0,27910000.0,897745000.0,3328000.0,766491000.0,4235280.0,-869835000.0,-23377000.0,34000.0,-832249000.0,-49825000.0,2746.2952346829093,88.0759584378359,0.009493003544145357
Apple Inc.,AAPL,Apple Inc.,NASDAQ,USD,美元,2025-09-30,Q,35934000000.0,147957000000.0,211284000000.0,359241000000.0,93568000000.0,93568000000.0,73733000000.0,165631000000.0,119877000000.0,285508000000.0,29728000000.0,0.0,29728000000.0,0.0,2587000000.0,-2587000000.0,0.0,27476000000.0,-27476000000.0,27466000000.0,102466000000.0,102466000000.0,70039000000.0,54125000000.0,8866000000.0,0.0,32427000000.0,377000000.0,,32804000000.0,5338000000.0,8.652626236995687,47.177600374758455,0.2852291358725758
Apple Inc.,AAPL,Apple Inc.,NASDAQ,USD,美元,2025-06-30,Q,36269000000.0,122491000000.0,209004000000.0,331495000000.0,89806000000.0,89806000000.0,65830000000.0,141120000000.0,124545000000.0,265665000000.0,27867000000.0,0.0,27867000000.0,5073000000.0,0.0,5073000000.0,0.0,24833000000.0,-24833000000.0,23434000000.0,94036000000.0,94036000000.0,65834000000.0,50318000000.0,8866000000.0,0.0,28202000000.0,-171000000.0,,28031000000.0,4597000000.0,9.428304053766642,46.490705687183635,0.283672453581502
Apple Inc.,AAPL,Apple Inc.,NASDAQ,USD,美元,2025-03-31,Q,28162000000.0,118674000000.0,212559000000.0,331233000000.0,88711000000.0,88711000000.0,66796000000.0,144571000000.0,119866000000.0,264437000000.0,23952000000.0,0.0,23952000000.0,2917000000.0,0.0,2917000000.0,0.0,29006000000.0,-29006000000.0,24780000000.0,95359000000.0,95359000000.0,65770000000.0,50492000000.0,8550000000.0,0.0,29589000000.0,-279000000.0,,29310000000.0,4530000000.0,8.96611751381621,47.050619238876244,0.2878910011985521
Apple Inc.,AAPL,Apple Inc.,NASDAQ,USD,美元,2024-12-31,Q,30299000000.0,133240000000.0,210845000000.0,344085000000.0,84768000000.0,84768000000.0,66758000000.0,144365000000.0,132962000000.0,277327000000.0,29935000000.0,0.0,29935000000.0,9792000000.0,0.0,9792000000.0,0.0,39371000000.0,-39371000000.0,36330000000.0,124300000000.0,124300000000.0,81468000000.0,66025000000.0,8268000000.0,0.0,42832000000.0,-248000000.0,,42584000000.0,6254000000.0,6.651649235720032,46.882542236524536,0.361247947454844
Apple Inc.,AAPL,Apple Inc.,NASDAQ,USD,美元,2024-09-30,Q,29943000000.0,152987000000.0,211993000000.0,364980000000.0,83276000000.0,83276000000.0,56950000000.0,176392000000.0,131638000000.0,308030000000.0,26811000000.0,0.0,26811000000.0,1445000000.0,0.0,1445000000.0,0.0,24948000000.0,-24948000000.0,14736000000.0,94930000000.0,94930000000.0,65339000000.0,51051000000.0,7765000000.0,0.0,29591000000.0,19000000.0,,29610000000.0,14874000000.0,8.179711366269883,46.22247972190035,0.26009644364074747
"Aardvark Therapeutics, Inc.",AARD,"Aardvark Therapeutics, Inc.",NASDAQ,USD,美元,2025-09-30,Q,39285000.0,129207000.0,4022000.0,133229000.0,0.0,0.0,122377000.0,10736000.0,116000.0,10852000.0,0.0,16130000.0,-16130000.0,29246000.0,0.0,29246000.0,171000.0,0.0,171000.0,-16316000.0,0.0,0.0,17703000.0,,13737000.0,0.0,-17703000.0,,,-16316000.0,,,,
"Aardvark Therapeutics, Inc.",AARD,"Aardvark Therapeutics, Inc.",NASDAQ,USD,美元,2025-06-30,Q,25998000.0,144768000.0,2707000.0,147475000.0,0.0,0.0,136925000.0,10310000.0,240000.0,10550000.0,0.0,9844000.0,-9844000.0,9409000.0,0.0,9409000.0,0.0,71000.0,-71000.0,-14367000.0,0.0,0.0,15848000.0,,13145000.0,0.0,-15848000.0,,,-14367000.0,,,,
"Aardvark Therapeutics, Inc.",AARD,"Aardvark Therapeutics, Inc.",NASDAQ,USD,美元,2025-03-31,Q,26504000.0,154554000.0,2471000.0,157025000.0,0.0,0.0,150689000.0,5976000.0,360000.0,6336000.0,0.0,11388000.0,-11388000.0,0.0,112624000.0,-112624000.0,88875000.0,0.0,88875000.0,-9310000.0,0.0,0.0,10470000.0,,7755000.0,0.0,-10470000.0,,,-9310000.0,,,,
"Aardvark Therapeutics, Inc.",AARD,"Aardvark Therapeutics, Inc.",NASDAQ,USD,美元,2024-12-31,Q,61641000.0,74137000.0,3370000.0,77507000.0,0.0,0.0,-54643000.0,4927000.0,127223000.0,132150000.0,0.0,7727000.0,-7727000.0,0.0,11895000.0,-11895000.0,0.0,1014000.0,-1014000.0,-8779000.0,0.0,0.0,9450000.0,,8062000.0,0.0,-9450000.0,,,-8779000.0,,,,
"Aardvark Therapeutics, Inc.",AARD,"Aardvark Therapeutics, Inc.",NASDAQ,USD,美元,2024-09-30,Q,82277000.0,82666000.0,1073000.0,83739000.0,0.0,0.0,-46174000.0,2612000.0,127301000.0,129913000.0,0.0,3955000.0,-3955000.0,0.0,5000.0,-5000.0,64000.0,0.0,64000.0,-4182000.0,0.0,0.0,5091000.0,,4065000.0,0.0,-5091000.0,,,-4182000.0,,,,
American Battery Technology Company,ABAT,American Battery Technology Company,NASDAQ,USD,美元,2025-09-30,Q,30122498.0,41517511.0,59955690.0,101473201.0,120309.0,120309.0,95998304.0,5315772.0,159125.0,5474897.0,0.0,7138756.0,-7138756.0,0.0,708307.0,-708307.0,26295257.0,0.0,26295257.0,-10299566.0,937589.0,937589.0,11070948.0,4454231.0,2697639.0,0.0,-10133359.0,147690.0,,-10299566.0,,287.7208457010481,-375.0728730819154,0.00923976962153781
American Battery Technology Company,ABAT,American Battery Technology Company,NASDAQ,USD,美元,2025-06-30,Q,7474304.0,29532110.0,54925681.0,84457791.0,97396.0,97396.0,70599023.0,13668605.0,190163.0,13858768.0,0.0,5821807.0,-5821807.0,0.0,547763.0,-547763.0,10994617.0,0.0,10994617.0,-10171603.0,2775847.0,2775847.0,10550173.0,5346312.0,265232.0,0.0,-7774326.0,11211.0,0.0,-10171603.0,,9.554993484871463,-92.60110517618585,0.03286667774675755
American Battery Technology Company,ABAT,American Battery Technology Company,NASDAQ,USD,美元,2025-03-31,Q,2849257.0,23285228.0,53172022.0,76457250.0,88391.0,88391.0,65605927.0,10630733.0,220590.0,10851323.0,0.0,10283373.0,-10283373.0,0.0,491132.0,-491132.0,0.0,2000000.0,-2000000.0,-11495947.0,979977.0,979977.0,11625058.0,3669937.0,3252929.0,0.0,-10645081.0,43547.0,,-11495947.0,,331.9393210248812,-274.4921564485697,0.012817319482455881
American Battery Technology Company,ABAT,American Battery Technology Company,NASDAQ,USD,美元,2024-12-31,Q,15623762.0,30484727.0,57804126.0,88288853.0,84390.0,84390.0,70597046.0,17441391.0,250416.0,17691807.0,0.0,7263628.0,-7263628.0,0.0,646423.0,-646423.0,22764777.0,0.0,22764777.0,-13400506.0,332440.0,332440.0,14133198.0,3305743.0,2919865.0,0.0,-13800758.0,1131852.0,,-13400506.0,,878.3133798580195,-894.3878594633619,0.003765367752597262
American Battery Technology Company,ABAT,American Battery Technology Company,NASDAQ,USD,美元,2024-09-30,Q,5769036.0,15483244.0,58349484.0,73832728.0,73339.0,73439.0,59344596.0,9963859.0,4524273.0,14488132.0,0.0,5552350.0,-5552350.0,0.0,863158.0,-863158.0,5182758.0,0.0,5182758.0,-11694569.0,201960.0,201960.0,10005124.0,2542641.0,2032135.0,0.0,-9803164.0,-744017.0,675648.0,-11694569.0,,1006.2066745890276,-1158.9824717765896,0.00273537231348136
AbCellera Biologics Inc.,ABCL,AbCellera Biologics Inc.,NASDAQ,USD,美元,2025-09-30,Q,83159000.0,695140000.0,660852000.0,1355992000.0,794469000.0,794469000.0,964038000.0,68804000.0,323150000.0,391954000.0,0.0,52594000.0,-52594000.0,36488000.0,0.0,36488000.0,7372000.0,0.0,7372000.0,-57119000.0,8955000.0,8955000.0,82504000.0,,55028000.0,0.0,-73549000.0,-1984000.0,,-68768000.0,-11649000.0,614.4946957007259,,0.006604021262662316
AbCellera Biologics Inc.,ABCL,AbCellera Biologics Inc.,NASDAQ,USD,美元,2025-06-30,Q,92437000.0,742145000.0,659916000.0,1402061000.0,791668000.0,791668000.0,1007076000.0,67023000.0,327962000.0,394985000.0,0.0,32404000.0,-32404000.0,0.0,31811000.0,-31811000.0,0.0,3375000.0,-3375000.0,-34727000.0,17084000.0,17084000.0,62977000.0,,39213000.0,0.0,-45893000.0,1957000.0,,-36344000.0,-1617000.0,229.53055490517445,,0.012184919201090395
AbCellera Biologics Inc.,ABCL,AbCellera Biologics Inc.,NASDAQ,USD,美元,2025-03-31,Q,159266000.0,764978000.0,579230000.0,1344208000.0,790068000.0,790068000.0,1022982000.0,75396000.0,245830000.0,321226000.0,0.0,11554000.0,-11554000.0,7935000.0,0.0,7935000.0,5970000.0,0.0,5970000.0,-45621000.0,4235000.0,4235000.0,62742000.0,,42496000.0,0.0,-58507000.0,-2528000.0,,-52984000.0,-7363000.0,1003.4474616292798,,0.003150554080916049
AbCellera Biologics Inc.,ABCL,AbCellera Biologics Inc.,NASDAQ,USD,美元,2024-12-31,Q,156325000.0,751370000.0,609183000.0,1360553000.0,777171000.0,777171000.0,1056084000.0,76612000.0,227857000.0,304469000.0,0.0,8000000.0,-8000000.0,35703000.0,0.0,35703000.0,4142000.0,0.0,4142000.0,-34210000.0,5050000.0,5050000.0,74261000.0,,46076000.0,0.0,-69211000.0,13714000.0,,-46829000.0,-12619000.0,912.3960396039603,,0.0037117260408084064
AbCellera Biologics Inc.,ABCL,AbCellera Biologics Inc.,NASDAQ,USD,美元,2024-09-30,Q,126640000.0,742883000.0,649945000.0,1392828000.0,772832000.0,772832000.0,1078094000.0,79568000.0,235166000.0,314734000.0,0.0,28882000.0,-28882000.0,3698000.0,0.0,3698000.0,3145000.0,0.0,3145000.0,-51107000.0,6507000.0,6507000.0,96679000.0,,40969000.0,0.0,-90172000.0,17937000.0,,-62632000.0,-11525000.0,629.6142615644691,,0.004671790055915016
Abeona Therapeutics Inc.,ABEO,Abeona Therapeutics Inc.,NASDAQ,USD,美元,2025-09-30,Q,82884000.0,216130000.0,14965000.0,231095000.0,524000.0,524000.0,171233000.0,22180000.0,37682000.0,59862000.0,0.0,21187000.0,-21187000.0,0.0,64627000.0,-64627000.0,5163000.0,0.0,5163000.0,-5161000.0,0.0,0.0,24018000.0,488000.0,4216000.0,579600.0,-24018000.0,129000.0,,-20358000.0,-15197000.0,,,
Abeona Therapeutics Inc.,ABEO,Abeona Therapeutics Inc.,NASDAQ,USD,美元,2025-06-30,Q,163535000.0,232262000.0,13971000.0,246233000.0,512000.0,512000.0,163576000.0,34517000.0,48140000.0,82657000.0,0.0,18784000.0,-18784000.0,155888000.0,0.0,155888000.0,10495000.0,0.0,10495000.0,108833000.0,400000.0,400000.0,23192000.0,100000.0,5943000.0,-672151.320922,-22792000.0,152455000.0,,124345000.0,15512000.0,1485.75,75.0,0.0016244776289124528
Abeona Therapeutics Inc.,ABEO,Abeona Therapeutics Inc.,NASDAQ,USD,美元,2025-03-31,Q,15936000.0,88121000.0,11243000.0,99364000.0,490000.0,490000.0,41396000.0,17983000.0,39985000.0,57968000.0,0.0,18402000.0,-18402000.0,4213000.0,0.0,4213000.0,6768000.0,0.0,6768000.0,-12029000.0,0.0,0.0,19727000.0,,9941000.0,0.0,-19727000.0,141000.0,,-12029000.0,,,,
Abeona Therapeutics Inc.,ABEO,Abeona Therapeutics Inc.,NASDAQ,USD,美元,2024-12-31,Q,23357000.0,100853000.0,8078000.0,108931000.0,457000.0,457000.0,44031000.0,16587000.0,48313000.0,64900000.0,0.0,16559000.0,-16559000.0,18876000.0,0.0,18876000.0,5314000.0,0.0,5314000.0,-9293000.0,0.0,0.0,16672000.0,0.0,8994000.0,0.0,-16672000.0,663000.0,,-9293000.0,,,,
Abeona Therapeutics Inc.,ABEO,Abeona Therapeutics Inc.,NASDAQ,USD,美元,2024-09-30,Q,15726000.0,112657000.0,7935000.0,120592000.0,434000.0,434000.0,45773000.0,18422000.0,56397000.0,74819000.0,0.0,12234000.0,-12234000.0,0.0,6167000.0,-6167000.0,0.0,299000.0,-299000.0,-30269000.0,0.0,0.0,15345000.0,0.0,8941000.0,0.0,-15345000.0,145000.0,,-30269000.0,0.0,,,
Able View Global Inc. - Class B Ordinary Shares,ABLV,Able View Global Inc. - Class B Ordinary Shares,NASDAQ,USD,美元,2024-12-31,A,15331271.0,40272952.0,7357063.0,47630015.0,4939.0,4939.0,7091215.0,17416718.0,23122082.0,40538800.0,0.0,2244544.0,-2244544.0,0.0,52744.0,-52744.0,4041584.0,0.0,4041584.0,-7419412.0,128932647.0,128932647.0,137758095.0,117128178.0,,-89352.194,-8825448.0,30003.0,,-9592239.0,-2172827.0,,9.155531414785893,2.7069621330163343
Able View Global Inc. - Class B Ordinary Shares,ABLV,Able View Global Inc. - Class B Ordinary Shares,NASDAQ,USD,美元,2023-12-31,A,13328156.0,48535125.0,6371570.0,54906695.0,4212.0,4212.0,11415579.0,15652953.0,27838163.0,43491116.0,23573330.0,0.0,23573330.0,253662.0,0.0,253662.0,0.0,16216022.0,-16216022.0,9750046.0,148999819.0,148999819.0,135678798.0,111990554.0,,-140834.273,13321021.0,55442.0,,11690898.0,1940852.0,,24.83846305880412,2.7136912720752906
Able View Global Inc. - Class B Ordinary Shares,ABLV,Able View Global Inc. - Class B Ordinary Shares,NASDAQ,USD,美元,2022-12-31,A,5773380.0,52131395.0,2489936.0,54621331.0,3832.0,3832.0,2395590.0,30720546.0,21505195.0,52225741.0,0.0,12849693.0,-12849693.0,0.0,1107279.0,-1107279.0,12944067.0,0.0,12944067.0,7903611.0,145256256.0,145256256.0,135113368.0,112718709.0,,-79888.665,10142888.0,351347.0,,9372836.0,1469225.0,,22.40010027519916,2.659332047401042
Able View Global Inc. - Class B Ordinary Shares,ABLV,Able View Global Inc. - Class B Ordinary Shares,NASDAQ,USD,美元,2021-12-31,A,6719980.0,35167802.0,1398324.0,36566126.0,105.0,105.0,9033046.0,27533080.0,0.0,27533080.0,0.0,1897990.0,-1897990.0,53119.0,0.0,53119.0,4504857.0,0.0,4504857.0,8695784.0,117322028.0,117322028.0,106178977.0,90925259.0,,-42414.705,11143051.0,15057.0,,10056395.0,1360611.0,,22.49941417650912,3.208489409022985
"Airbnb, Inc.",ABNB,"Airbnb, Inc.",NASDAQ,USD,美元,2025-09-30,Q,7528000000.0,19538000000.0,3526000000.0,23064000000.0,0.0,0.0,8610000000.0,14039000000.0,415000000.0,14454000000.0,1356000000.0,0.0,1356000000.0,0.0,206000000.0,-206000000.0,0.0,4850000000.0,-4850000000.0,1374000000.0,4095000000.0,4095000000.0,2470000000.0,549000000.0,587000000.0,0.0,1625000000.0,-13000000.0,,1792000000.0,418000000.0,14.334554334554333,86.5934065934066,0.17754942767950052
"Airbnb, Inc.",ABNB,"Airbnb, Inc.",NASDAQ,USD,美元,2025-06-30,Q,7402000000.0,23180000000.0,3812000000.0,26992000000.0,0.0,0.0,7782000000.0,18816000000.0,394000000.0,19210000000.0,975000000.0,0.0,975000000.0,0.0,91000000.0,-91000000.0,328000000.0,0.0,328000000.0,642000000.0,3096000000.0,3096000000.0,2484000000.0,544000000.0,610000000.0,0.0,612000000.0,-23000000.0,,779000000.0,137000000.0,19.702842377260982,82.42894056847545,0.11470065204505038
"Airbnb, Inc.",ABNB,"Airbnb, Inc.",NASDAQ,USD,美元,2025-03-31,Q,7600000000.0,21295000000.0,3761000000.0,25056000000.0,0.0,0.0,7937000000.0,16730000000.0,389000000.0,17119000000.0,1789000000.0,0.0,1789000000.0,0.0,151000000.0,-151000000.0,2145000000.0,0.0,2145000000.0,154000000.0,2272000000.0,2272000000.0,2234000000.0,506000000.0,568000000.0,0.0,38000000.0,-38000000.0,,173000000.0,19000000.0,25.0,77.72887323943662,0.09067688378033206
"Airbnb, Inc.",ABNB,"Airbnb, Inc.",NASDAQ,USD,美元,2024-12-31,Q,6864000000.0,17180000000.0,3779000000.0,20959000000.0,0.0,0.0,8412000000.0,10161000000.0,2386000000.0,12547000000.0,466000000.0,0.0,466000000.0,0.0,220000000.0,-220000000.0,0.0,1330000000.0,-1330000000.0,461000000.0,2480000000.0,2480000000.0,2050000000.0,427000000.0,538000000.0,0.0,430000000.0,9000000.0,,622000000.0,161000000.0,21.693548387096776,82.78225806451613,0.11832625602366525
"Airbnb, Inc.",ABNB,"Airbnb, Inc.",NASDAQ,USD,美元,2024-09-30,Q,7670000000.0,18319000000.0,3853000000.0,22172000000.0,0.0,0.0,8488000000.0,11336000000.0,2348000000.0,13684000000.0,1078000000.0,0.0,1078000000.0,0.0,202000000.0,-202000000.0,0.0,5187000000.0,-5187000000.0,1368000000.0,3732000000.0,3732000000.0,2207000000.0,465000000.0,524000000.0,0.0,1525000000.0,3000000.0,,1735000000.0,367000000.0,14.040728831725616,87.54019292604501,0.16832040411329605
"Acumen Pharmaceuticals, Inc.",ABOS,"Acumen Pharmaceuticals, Inc.",NASDAQ,USD,美元,2025-09-30,Q,46832000.0,132153000.0,10068000.0,142221000.0,6000.0,6000.0,93173000.0,21956000.0,27092000.0,49048000.0,0.0,30489000.0,-30489000.0,40511000.0,0.0,40511000.0,,,0.0,-26451000.0,0.0,0.0,26513000.0,,21968000.0,0.0,-26513000.0,-69000.0,,-26451000.0,,,,
"Acumen Pharmaceuticals, Inc.",ABOS,"Acumen Pharmaceuticals, Inc.",NASDAQ,USD,美元,2025-06-30,Q,36810000.0,148404000.0,23493000.0,171897000.0,6000.0,6000.0,117077000.0,24861000.0,29959000.0,54820000.0,0.0,31832000.0,-31832000.0,38483000.0,0.0,38483000.0,,,0.0,-40950000.0,0.0,0.0,41750000.0,,37125000.0,0.0,-41750000.0,-129000.0,,-40950000.0,,,,
"Acumen Pharmaceuticals, Inc.",ABOS,"Acumen Pharmaceuticals, Inc.",NASDAQ,USD,美元,2025-03-31,Q,30159000.0,154947000.0,49531000.0,204478000.0,6000.0,6000.0,155521000.0,19315000.0,29642000.0,48957000.0,0.0,34121000.0,-34121000.0,28689000.0,0.0,28689000.0,0.0,36000.0,-36000.0,-28796000.0,0.0,0.0,30370000.0,,25266000.0,0.0,-30370000.0,-64000.0,,-28796000.0,,,,
"Acumen Pharmaceuticals, Inc.",ABOS,"Acumen Pharmaceuticals, Inc.",NASDAQ,USD,美元,2024-12-31,Q,35627000.0,178306000.0,60686000.0,238992000.0,6000.0,6000.0,181816000.0,27607000.0,29569000.0,57176000.0,0.0,27215000.0,-27215000.0,29663000.0,0.0,29663000.0,0.0,9000.0,-9000.0,-37154000.0,0.0,0.0,39597000.0,,34569000.0,0.0,-39597000.0,-62000.0,,-37154000.0,,,,
"Acumen Pharmaceuticals, Inc.",ABOS,"Acumen Pharmaceuticals, Inc.",NASDAQ,USD,美元,2024-09-30,Q,33184000.0,207632000.0,59343000.0,266975000.0,6000.0,6000.0,217202000.0,19914000.0,29859000.0,49773000.0,0.0,24596000.0,-24596000.0,0.0,10132000.0,-10132000.0,0.0,42000.0,-42000.0,-29765000.0,0.0,0.0,32265000.0,,27247000.0,0.0,-32265000.0,33000.0,,-29765000.0,,,,
"Abpro Holdings, Inc",ABP,"Abpro Holdings, Inc",NASDAQ,USD,美元,2025-09-30,Q,328000.0,1225000.0,478000.0,1703000.0,0.0,0.0,-16144000.0,17298000.0,0.0,17298000.0,0.0,2281000.0,-2281000.0,0.0,,,569000.0,0.0,569000.0,-1657000.0,0.0,0.0,1336000.0,,243000.0,0.0,-1336000.0,-214000.0,,-1657000.0,,,,
"Abpro Holdings, Inc",ABP,"Abpro Holdings, Inc",NASDAQ,USD,美元,2025-06-30,Q,2014000.0,3068000.0,415000.0,3483000.0,7000.0,7000.0,-17496000.0,20430000.0,0.0,20430000.0,0.0,1386000.0,-1386000.0,0.0,,,2010000.0,0.0,2010000.0,-2984000.0,0.0,0.0,2261000.0,,313000.0,0.0,-2261000.0,56000.0,,-2984000.0,,,,
"Abpro Holdings, Inc",ABP,"Abpro Holdings, Inc",NASDAQ,USD,美元,2025-03-31,Q,1261000.0,2219000.0,578000.0,2797000.0,5000.0,5000.0,-18360000.0,20608000.0,0.0,20608000.0,0.0,1719000.0,-1719000.0,0.0,,,132000.0,0.0,132000.0,-3887000.0,0.0,0.0,2958000.0,,325000.0,0.0,-2958000.0,,,-3887000.0,,,,
"Abpro Holdings, Inc",ABP,"Abpro Holdings, Inc",NASDAQ,USD,美元,2024-12-31,Q,2850000.0,3776000.0,885000.0,4661000.0,5000.0,5000.0,-15495000.0,19607000.0,0.0,19607000.0,0.0,8254008.0,-8254008.0,0.0,29638990.0,-29638990.0,40274939.0,0.0,40274939.0,-5509325.0,183000.0,183000.0,8177572.0,,,0.0,-7994572.0,,,-5567292.0,,,,0.03926196095258528
"Abpro Holdings, Inc",ABP,"Abpro Holdings, Inc",NASDAQ,USD,美元,2024-09-30,Q,13597.0,1560441.0,6297612.0,7858053.0,6128384.0,6128384.0,-11682983.0,9041035.0,10500001.0,19541036.0,0.0,997000.0,-997000.0,29638990.0,0.0,29638990.0,936000.0,0.0,936000.0,-2093000.0,183000.0,183000.0,2114000.0,,642000.0,0.0,-1931000.0,,,-2093000.0,27654.0,350.8196721311475,,0.023288211469176905
Absci Corporation,ABSI,Absci Corporation,NASDAQ,USD,美元,2025-09-30,Q,9476000.0,174994000.0,69998000.0,244992000.0,15000.0,15000.0,210340000.0,29708000.0,4944000.0,34652000.0,0.0,25031000.0,-25031000.0,0.0,63702000.0,-63702000.0,60317000.0,0.0,60317000.0,-28706000.0,378000.0,378000.0,30532000.0,,19249000.0,0.0,-30154000.0,1597000.0,,-28602000.0,104000.0,5092.328042328042,,0.0015429075235109718
Absci Corporation,ABSI,Absci Corporation,NASDAQ,USD,美元,2025-06-30,Q,38024000.0,137404000.0,72488000.0,209892000.0,13000.0,13000.0,173373000.0,31323000.0,5196000.0,36519000.0,0.0,16873000.0,-16873000.0,9039000.0,0.0,9039000.0,0.0,1004000.0,-1004000.0,-30569000.0,593000.0,593000.0,31986000.0,,20458000.0,0.0,-31393000.0,1011000.0,,-30438000.0,131000.0,3449.915682967959,,0.002825262515960589
Absci Corporation,ABSI,Absci Corporation,NASDAQ,USD,美元,2025-03-31,Q,46995000.0,155978000.0,76469000.0,232447000.0,13000.0,13000.0,198796000.0,27281000.0,6370000.0,33651000.0,0.0,21839000.0,-21839000.0,0.0,15044000.0,-15044000.0,42794000.0,0.0,42794000.0,-26346000.0,1179000.0,1179000.0,28908000.0,,16364000.0,0.0,-27729000.0,1458000.0,,-26350000.0,-4000.0,1387.9558948261238,,0.005072123968044328
Absci Corporation,ABSI,Absci Corporation,NASDAQ,USD,美元,2024-12-31,Q,41213000.0,133831000.0,79777000.0,213608000.0,12000.0,12000.0,179133000.0,28656000.0,5819000.0,34475000.0,0.0,16964000.0,-16964000.0,19043000.0,0.0,19043000.0,986000.0,0.0,986000.0,-28983000.0,665000.0,665000.0,30439000.0,,18377000.0,0.0,-29774000.0,921000.0,,-28962000.0,21000.0,2763.458646616541,,0.003113179281674844
Absci Corporation,ABSI,Absci Corporation,NASDAQ,USD,美元,2024-09-30,Q,38195000.0,150144000.0,85087000.0,235231000.0,11000.0,11000.0,201335000.0,26688000.0,7208000.0,33896000.0,0.0,20732000.0,-20732000.0,14806000.0,0.0,14806000.0,490000.0,0.0,490000.0,-27398000.0,1701000.0,1701000.0,30596000.0,,17985000.0,0.0,-28895000.0,1664000.0,,-27361000.0,37000.0,1057.3192239858906,,0.007231189766654905
American Bitcoin Corp.,ABTC,American Bitcoin Corp.,NASDAQ,USD,美元,2025-09-30,Q,7976000.0,10919000.0,1151902000.0,1162821000.0,92000.0,92000.0,575453000.0,148120000.0,439248000.0,587368000.0,,,,,,,,,,3475000.0,64220000.0,64220000.0,51546000.0,28279000.0,,-2495493.302717,12674000.0,,,5226000.0,1751000.0,,55.96543132980379,0.055227760764554476
American Bitcoin Corp.,ABTC,American Bitcoin Corp.,NASDAQ,USD,美元,2025-03-31,Q,,0.0,,121112000.0,5000.0,5000.0,115757000.0,0.0,,5355000.0,0.0,44653000.0,-44653000.0,5992000.0,0.0,5992000.0,38661000.0,0.0,38661000.0,-100623000.0,12338000.0,12338000.0,32443000.0,11651000.0,,-11090348.0,-20105000.0,,,-114091000.0,-13468000.0,,5.568163397633328,0.10187264680626197
American Bitcoin Corp.,ABTC,American Bitcoin Corp.,NASDAQ,USD,美元,2024-12-31,Q,,153115000.0,953283000.0,1106398000.0,1063414000.0,1063414000.0,1015067000.0,50338000.0,40993000.0,91331000.0,23561000.0,0.0,23561000.0,0.0,101995000.0,-101995000.0,78434000.0,0.0,78434000.0,260162000.0,15657000.0,15657000.0,15734000.0,-64000.0,,34783078.572979,-77000.0,,0.0,294936000.0,34774000.0,,100.40876285367568,0.014151327099289767
American Bitcoin Corp.,ABTC,American Bitcoin Corp.,NASDAQ,USD,美元,2024-09-30,Q,,,,,,,,,,,,,,,,,,,,-576000.0,11610000.0,11610000.0,20250000.0,11125000.0,,1494990.0,-8640000.0,,-5966000.0,-1149000.0,-573000.0,,4.177433247200689,
Abits Group Inc,ABTS,Abits Group Inc,NASDAQ,USD,美元,2025-09-30,Q,94132.0,588502.0,12447013.0,13035515.0,35554.0,40604.0,9728341.0,3307174.0,0.0,3307174.0,,,,,,,,,,-287237.0,1611515.0,1611515.0,2238583.0,852152.0,,0.0,-627068.0,,,-287237.0,,,47.12106309900932,0.12362495843087136
Abits Group Inc,ABTS,Abits Group Inc,NASDAQ,USD,美元,2024-12-31,Q,1118929.0,1677636.0,9693661.0,11371297.0,35554.0,40604.0,10380951.0,990346.0,0.0,990346.0,,,,,,,,,,-255992.0,1777898.0,1777898.0,1918414.0,-221230.0,,0.0,-140516.0,,,-122576.0,,,112.44334601872548,0.15634962309048828
Abits Group Inc,ABTS,Abits Group Inc,NASDAQ,USD,美元,2024-09-30,Q,,,,,,,,,,,,,,,,,,,,-661753.0,1263700.0,1263700.0,1925453.0,876391.0,,0.0,-661753.0,,,-661753.0,,,30.648809052781516,
Arbutus Biopharma Corporation,ABUS,Arbutus Biopharma Corporation,NASDAQ,USD,美元,2025-09-30,Q,22408000.0,97442000.0,268000.0,97710000.0,1418560000.0,1418560000.0,77399000.0,5184000.0,15127000.0,20311000.0,0.0,5817000.0,-5817000.0,0.0,10019000.0,-10019000.0,844000.0,0.0,844000.0,-7742000.0,529000.0,529000.0,8822000.0,,5778000.0,0.0,-8293000.0,,,-7742000.0,,1092.249527410208,,0.0054139801453280114
Arbutus Biopharma Corporation,ABUS,Arbutus Biopharma Corporation,NASDAQ,USD,美元,2025-06-30,Q,37412000.0,103119000.0,148000.0,103267000.0,1417110000.0,1417110000.0,82976000.0,5022000.0,15269000.0,20291000.0,0.0,15749000.0,-15749000.0,15611000.0,0.0,15611000.0,453000.0,0.0,453000.0,2523000.0,10739000.0,10739000.0,8826000.0,,5498000.0,-84840.0,1913000.0,,,2523000.0,,51.196573237731634,,0.10399256296784065
Arbutus Biopharma Corporation,ABUS,Arbutus Biopharma Corporation,NASDAQ,USD,美元,2025-03-31,Q,37076000.0,116808000.0,202000.0,117010000.0,1416332000.0,1416332000.0,79157000.0,19431000.0,18422000.0,37853000.0,0.0,13391000.0,-13391000.0,11349000.0,0.0,11349000.0,2784000.0,0.0,2784000.0,-24526000.0,1764000.0,1764000.0,14791000.0,,8959000.0,0.0,-13027000.0,,,-24526000.0,,507.8798185941043,,0.01507563456114862
Arbutus Biopharma Corporation,ABUS,Arbutus Biopharma Corporation,NASDAQ,USD,美元,2024-12-31,Q,36330000.0,127316000.0,4391000.0,131707000.0,1410025000.0,1410025000.0,97366000.0,15618000.0,18723000.0,34341000.0,0.0,10315000.0,-10315000.0,13411000.0,0.0,13411000.0,1421000.0,0.0,1421000.0,-12532000.0,1574000.0,1574000.0,13522000.0,,8810000.0,0.0,-11948000.0,,,-12532000.0,,559.720457433291,,0.011950769511111787
Arbutus Biopharma Corporation,ABUS,Arbutus Biopharma Corporation,NASDAQ,USD,美元,2024-09-30,Q,31846000.0,132777000.0,7664000.0,140441000.0,1407595000.0,1407595000.0,106890000.0,18923000.0,14628000.0,33551000.0,0.0,20736000.0,-20736000.0,0.0,11986000.0,-11986000.0,1775000.0,0.0,1775000.0,-19717000.0,1339000.0,1339000.0,18810000.0,,14273000.0,0.0,-17471000.0,,,-19717000.0,,1065.9447348767737,,0.0095342528179093
"ABVC BioPharma, Inc.",ABVC,"ABVC BioPharma, Inc.",NASDAQ,USD,美元,2025-09-30,Q,192068.0,4072569.0,17103730.0,21176299.0,24190.0,24190.0,12057619.0,6507520.0,176072.0,6683592.0,0.0,133257.0,-133257.0,0.0,1273357.0,-1273357.0,1132395.0,0.0,1132395.0,-1246513.0,795950.0,795950.0,1964360.0,0.0,29890.0,-35025.48,-1168410.0,31874.0,,-1286996.0,527.0,3.7552610088573406,,0.037586832335527565
"ABVC BioPharma, Inc.",ABVC,"ABVC BioPharma, Inc.",NASDAQ,USD,美元,2025-06-30,Q,388251.0,2770401.0,13470659.0,16241060.0,19533.0,19533.0,7013635.0,6532514.0,218813.0,6751327.0,0.0,894174.0,-894174.0,0.0,665779.0,-665779.0,1927327.0,0.0,1927327.0,-2257022.0,0.0,0.0,2294983.0,0.0,33276.0,19158.51,-2294983.0,4820.0,,-2309206.0,23627.0,,,
"ABVC BioPharma, Inc.",ABVC,"ABVC BioPharma, Inc.",NASDAQ,USD,美元,2025-03-31,Q,152206.0,1469561.0,13406138.0,14875699.0,15378.0,15378.0,5404386.0,6680739.0,238665.0,6919404.0,0.0,539833.0,-539833.0,,,0.0,428756.0,0.0,428756.0,-842075.0,0.0,0.0,693005.0,0.0,28861.0,0.0,-693005.0,13500.0,,-944190.0,0.0,,,
"ABVC BioPharma, Inc.",ABVC,"ABVC BioPharma, Inc.",NASDAQ,USD,美元,2024-12-31,Q,248382.0,2179815.0,5360092.0,7539907.0,13868.0,13868.0,1226140.0,6557461.0,258487.0,6815948.0,0.0,493611.0,-493611.0,,,0.0,581456.0,0.0,581456.0,229304.0,1966.0,1966.0,336124.0,0.0,31980.0,0.0,-334158.0,356493.0,,128943.0,0.0,1626.653102746694,,0.0002607459216672036
"ABVC BioPharma, Inc.",ABVC,"ABVC BioPharma, Inc.",NASDAQ,USD,美元,2024-09-30,Q,137344.0,2148327.0,12314518.0,14462845.0,12712.0,12712.0,8358466.0,6315642.0,167881.0,6483523.0,60230.0,0.0,60230.0,44825.0,0.0,44825.0,0.0,81356.0,-81356.0,-394769.0,389276.0,389276.0,691592.0,296.0,37825.0,-7865.76,-302316.0,28864.0,,-487076.0,355.0,9.716756234650994,99.92396140527543,0.026915589567612735
Above Food Ingredients Inc.,ABVE,Above Food Ingredients Inc.,NASDAQ,USD,美元,2024-01-31,A,952280.0,68436238.0,75451717.0,143887955.0,781.0,781.0,-46258232.0,153850510.0,36295677.0,190146187.0,7148748.0,0.0,7148748.0,0.0,4517944.0,-4517944.0,0.0,4006321.0,-4006321.0,-53312282.0,368423398.0,368423398.0,407922431.0,374322146.0,171852.0,0.0,-39499033.0,,,-49524355.0,0.0,0.04664524591350737,-1.601078550391091,2.560488110349473
Above Food Ingredients Inc.,ABVE,Above Food Ingredients Inc.,NASDAQ,USD,美元,2023-01-31,A,2327797.0,102495429.0,78393947.0,180889376.0,775.0,775.0,2630978.0,141155461.0,37102937.0,178258398.0,0.0,17876903.0,-17876903.0,0.0,6662720.0,-6662720.0,24810398.0,0.0,24810398.0,-45484530.0,396464504.0,396464504.0,428181267.0,397744144.0,430666.0,-16272.552554,-31716763.0,,,-44765912.0,-94051.0,0.10862662247311805,-0.32276281661775197,2.19175118388379
Above Food Ingredients Inc.,ABVE,Above Food Ingredients Inc.,NASDAQ,USD,美元,2022-01-31,A,2057022.0,106425770.0,64892701.0,171318471.0,722.0,722.0,32184479.0,100390968.0,38743024.0,139133992.0,0.0,27574845.0,-27574845.0,0.0,30589836.0,-30589836.0,27196396.0,0.0,27196396.0,-5777238.0,198857713.0,198857713.0,202725518.0,190945089.0,235095.0,-252.6027,-3867805.0,147733.0,,-5872326.0,-95088.0,0.11822272138873487,3.9790380169966046,1.160748819664635
Abivax SA,ABVX,Abivax SA,NASDAQ,USD,美元,2025-09-30,Q,589703000.0,619295000.0,32757000.0,652052000.0,778000.0,778000.0,511238000.0,78761000.0,62053000.0,140814000.0,0.0,71283000.0,-71283000.0,3280000.0,0.0,3280000.0,603461000.0,0.0,603461000.0,-153358000.0,0.0,0.0,80712000.0,,55416000.0,0.0,-80712000.0,,,-153358000.0,0.0,,,
Abivax SA,ABVX,Abivax SA,NASDAQ,USD,美元,2025-06-30,Q,60946000.0,86102000.0,33539000.0,119641000.0,635000.0,635000.0,-48280000.0,112351000.0,55570000.0,167921000.0,0.0,33340000.0,-33340000.0,187000.0,0.0,187000.0,0.0,8767000.0,-8767000.0,-48414000.0,0.0,0.0,46496000.0,,38645000.0,0.0,-46496000.0,,,-48414000.0,0.0,,,
Abivax SA,ABVX,Abivax SA,NASDAQ,USD,美元,2025-03-31,Q,103576000.0,132667000.0,34272000.0,166939000.0,634000.0,634000.0,-6593000.0,105740000.0,67792000.0,173532000.0,0.0,33278000.0,-33278000.0,1082000.0,0.0,1082000.0,0.0,7837000.0,-7837000.0,-52370000.0,0.0,0.0,47200000.0,,39301000.0,0.0,-47200000.0,-1051000.0,,-52370000.0,0.0,,,
Abivax SA,ABVX,Abivax SA,NASDAQ,USD,美元,2024-12-31,Q,144221000.0,170671000.0,34557000.0,205228000.0,633000.0,633000.0,40584000.0,92834000.0,71810000.0,164644000.0,0.0,33514000.0,-33514000.0,556000.0,0.0,556000.0,0.0,5826000.0,-5826000.0,-39378000.0,0.0,0.0,42798000.0,,38596000.0,0.0,-42798000.0,,,-39378000.0,0.0,,,
Abivax SA,ABVX,Abivax SA,NASDAQ,USD,美元,2024-09-30,Q,,,,,,,,,,,0.0,35383000.0,-35383000.0,1748000.0,0.0,1748000.0,0.0,6289000.0,-6289000.0,-55227000.0,0.0,0.0,50189000.0,,43286000.0,0.0,-50189000.0,,,-55227000.0,0.0,,,
ACADIA Pharmaceuticals Inc.,ACAD,ACADIA Pharmaceuticals Inc.,NASDAQ,USD,美元,2025-09-30,Q,257996000.0,1076422000.0,254349000.0,1330771000.0,16000.0,16000.0,917272000.0,356584000.0,56915000.0,413499000.0,74288000.0,0.0,74288000.0,0.0,79352000.0,-79352000.0,9423000.0,0.0,9423000.0,71779000.0,278633000.0,278633000.0,242877000.0,21647000.0,87829000.0,0.0,35756000.0,593000.0,,44595000.0,-27184000.0,31.52139193849975,92.23099919966408,0.2093771204812849
ACADIA Pharmaceuticals Inc.,ACAD,ACADIA Pharmaceuticals Inc.,NASDAQ,USD,美元,2025-06-30,Q,253637000.0,960553000.0,265002000.0,1225555000.0,16000.0,16000.0,822382000.0,330024000.0,73149000.0,403173000.0,63956000.0,0.0,63956000.0,0.0,43294000.0,-43294000.0,15956000.0,0.0,15956000.0,26666000.0,264566000.0,264566000.0,232192000.0,20734000.0,77951000.0,0.0,32374000.0,594000.0,,40211000.0,13545000.0,29.463725497607403,92.16301414391872,0.2158744405595832
ACADIA Pharmaceuticals Inc.,ACAD,ACADIA Pharmaceuticals Inc.,NASDAQ,USD,美元,2025-03-31,Q,217696000.0,870942000.0,261422000.0,1132364000.0,16000.0,16000.0,765237000.0,302530000.0,64597000.0,367127000.0,20323000.0,0.0,20323000.0,0.0,124049000.0,-124049000.0,1838000.0,0.0,1838000.0,18987000.0,244317000.0,244317000.0,225027000.0,20392000.0,78265000.0,0.0,19290000.0,588000.0,,27779000.0,8792000.0,32.034201467765236,91.65346660281519,0.21575836038588297
ACADIA Pharmaceuticals Inc.,ACAD,ACADIA Pharmaceuticals Inc.,NASDAQ,USD,美元,2024-12-31,Q,319589000.0,938318000.0,249438000.0,1187756000.0,16000.0,16000.0,732793000.0,394870000.0,60093000.0,454963000.0,40381000.0,0.0,40381000.0,122150000.0,0.0,122150000.0,1969000.0,0.0,1969000.0,143742000.0,259602000.0,259602000.0,252614000.0,21803000.0,100731000.0,0.0,6988000.0,575000.0,,161085000.0,17343000.0,38.802089352162156,91.6013744115993,0.2185650924937445
ACADIA Pharmaceuticals Inc.,ACAD,ACADIA Pharmaceuticals Inc.,NASDAQ,USD,美元,2024-09-30,Q,155149000.0,788284000.0,188584000.0,976868000.0,16000.0,16000.0,577180000.0,343945000.0,55743000.0,399688000.0,63246000.0,0.0,63246000.0,0.0,82457000.0,-82457000.0,268000.0,0.0,268000.0,32765000.0,250401000.0,250401000.0,218757000.0,18857000.0,66606000.0,0.0,31644000.0,576000.0,,38806000.0,6041000.0,26.599734026621295,92.46927927604122,0.25633043563715874
Aurora Cannabis Inc.,ACB,Aurora Cannabis Inc.,NASDAQ,USD,美元,2025-09-30,Q,95689000.0,423845000.0,333018000.0,756863000.0,6995098000.0,6995098000.0,531911000.0,124116000.0,65647000.0,189763000.0,0.0,40399000.0,-40399000.0,0.0,4781000.0,-4781000.0,0.0,1616000.0,-1616000.0,-51474000.0,90366000.0,96291000.0,108639000.0,58075000.0,904000.0,-4382100.0,-18273000.0,886000.0,,-46975000.0,6190000.0,1.0003762477037823,35.73357236128633,0.11939545201707574
Aurora Cannabis Inc.,ACB,Aurora Cannabis Inc.,NASDAQ,USD,美元,2025-06-30,Q,140160000.0,465301000.0,372538000.0,837839000.0,6991414000.0,6991414000.0,551920000.0,156885000.0,92270000.0,249155000.0,10121000.0,0.0,10121000.0,0.0,5034000.0,-5034000.0,0.0,3322000.0,-3322000.0,-15209000.0,98023000.0,104455000.0,118245000.0,70072000.0,829000.0,9.440776,-20222000.0,584000.0,,-19384000.0,-3000.0,0.8457198820684941,28.514736337390207,0.11699503126495664
Aurora Cannabis Inc.,ACB,Aurora Cannabis Inc.,NASDAQ,USD,美元,2025-03-31,Q,137921000.0,478328000.0,374338000.0,852666000.0,6991154000.0,6991154000.0,567171000.0,110863000.0,133212000.0,244075000.0,3682000.0,0.0,3682000.0,0.0,8291000.0,-8291000.0,8701000.0,0.0,8701000.0,-24557000.0,90538000.0,97292000.0,118790000.0,68637000.0,785000.0,1351650.0,-28252000.0,-734000.0,0.0,-19991000.0,1993000.0,0.8670392542357904,24.189842938876495,0.10618225659285113
Aurora Cannabis Inc.,ACB,Aurora Cannabis Inc.,NASDAQ,USD,美元,2024-12-31,Q,108711000.0,494211000.0,372310000.0,866521000.0,6977950000.0,6977950000.0,572919000.0,149807000.0,104320000.0,254127000.0,28839000.0,0.0,28839000.0,0.0,3212000.0,-3212000.0,0.0,5575000.0,-5575000.0,31669000.0,88198000.0,95978000.0,50523000.0,9203000.0,929000.0,-203110.324613,37675000.0,1480000.0,73000.0,32069000.0,841000.0,1.0533118664822332,89.56552302773305,0.10178403062360866
Aurora Cannabis Inc.,ACB,Aurora Cannabis Inc.,NASDAQ,USD,美元,2024-09-30,Q,84921000.0,417675000.0,391099000.0,808774000.0,6977043000.0,6977043000.0,543172000.0,109095000.0,116706000.0,225801000.0,0.0,24891000.0,-24891000.0,0.0,3638000.0,-3638000.0,3962000.0,0.0,3962000.0,-12281000.0,81122000.0,88933000.0,82727000.0,38932000.0,975000.0,168750.0,-1605000.0,47000.0,,370000.0,-1065000.0,1.201893444441705,52.00808658563645,0.10030243306535572
Acco Group Holdings Limited,ACCL,Acco Group Holdings Limited,NASDAQ,USD,美元,2025-06-30,A,2450033.0,2873756.0,1036120.0,3909876.0,1000.0,1000.0,2186884.0,1575405.0,147587.0,1722992.0,1538145.0,0.0,1538145.0,0.0,23203.0,-23203.0,0.0,1122685.0,-1122685.0,1021725.0,4888824.0,4888824.0,3808919.0,2749082.0,,0.0,1079905.0,72318.0,,1152223.0,130498.0,,43.76803092113768,1.2503782728659425
ProFrac Holding Corp.,ACDC,ProFrac Holding Corp.,NASDAQ,USD,美元,2025-09-30,Q,58000000.0,541300000.0,2201100000.0,2742400000.0,1800000.0,1800000.0,862000000.0,595600000.0,1192900000.0,1788500000.0,900000.0,0.0,900000.0,0.0,30100000.0,-30100000.0,61200000.0,0.0,61200000.0,-100900000.0,403100000.0,467400000.0,470100000.0,427100000.0,,-2116873.889876,-67000000.0,700000.0,5200000.0,-112600000.0,-20200000.0,,-5.953857603572314,0.1469880396732789
ProFrac Holding Corp.,ACDC,ProFrac Holding Corp.,NASDAQ,USD,美元,2025-06-30,Q,26000000.0,580300000.0,2250400000.0,2830700000.0,1500000.0,1500000.0,875500000.0,640100000.0,1238400000.0,1878500000.0,100400000.0,0.0,100400000.0,0.0,46200000.0,-46200000.0,0.0,44200000.0,-44200000.0,-105900000.0,501900000.0,565300000.0,543600000.0,479400000.0,,-2646000.0,-41700000.0,-9700000.0,3600000.0,-99100000.0,4400000.0,,4.482964734010759,0.1773059667220122
ProFrac Holding Corp.,ACDC,ProFrac Holding Corp.,NASDAQ,USD,美元,2025-03-31,Q,16000000.0,669800000.0,2351100000.0,3020900000.0,1500000.0,1500000.0,988100000.0,684500000.0,1277100000.0,1961600000.0,38700000.0,0.0,38700000.0,0.0,51700000.0,-51700000.0,14200000.0,0.0,14200000.0,-17500000.0,600300000.0,657600000.0,579000000.0,525400000.0,,-1113000.0,21300000.0,4800000.0,1600000.0,-15100000.0,300000.0,,12.477094785940363,0.19871561455195472
ProFrac Holding Corp.,ACDC,ProFrac Holding Corp.,NASDAQ,USD,美元,2024-12-31,Q,14800000.0,574100000.0,2414000000.0,2988100000.0,1500000.0,1500000.0,1006900000.0,660000000.0,1252000000.0,1912000000.0,76500000.0,0.0,76500000.0,0.0,20500000.0,-20500000.0,0.0,66700000.0,-66700000.0,-105000000.0,454700000.0,492800000.0,498900000.0,450900000.0,,-546000.0,-44200000.0,1800000.0,-2900000.0,-83800000.0,17900000.0,,0.8357158566087531,0.1521702754258559
ProFrac Holding Corp.,ACDC,ProFrac Holding Corp.,NASDAQ,USD,美元,2024-09-30,Q,25500000.0,680000000.0,2455800000.0,3135800000.0,1500000.0,1500000.0,1101600000.0,714500000.0,1254100000.0,1968600000.0,98200000.0,0.0,98200000.0,0.0,67000000.0,-67000000.0,0.0,29700000.0,-29700000.0,-45200000.0,575300000.0,621400000.0,564700000.0,503400000.0,,-496666.666667,10600000.0,-100000.0,2900000.0,-45000000.0,-1500000.0,,12.497827220580566,0.1834619554818547
"Adicet Bio, Inc.",ACET,"Adicet Bio, Inc.",NASDAQ,USD,美元,2025-09-30,Q,29099000.0,106494000.0,33985000.0,140479000.0,8000.0,8000.0,109142000.0,18941000.0,12396000.0,31337000.0,0.0,22307000.0,-22307000.0,16836000.0,0.0,16836000.0,0.0,150000.0,-150000.0,-26856000.0,0.0,0.0,27952000.0,,22853000.0,0.0,-27952000.0,-64000.0,,-26856000.0,0.0,,,
"Adicet Bio, Inc.",ACET,"Adicet Bio, Inc.",NASDAQ,USD,美元,2025-06-30,Q,34720000.0,127740000.0,35232000.0,162972000.0,8000.0,8000.0,133372000.0,17079000.0,12521000.0,29600000.0,0.0,26633000.0,-26633000.0,32953000.0,0.0,32953000.0,267000.0,0.0,267000.0,-31217000.0,0.0,0.0,32392000.0,,28424000.0,0.0,-32392000.0,-223000.0,,-31217000.0,0.0,,,
"Adicet Bio, Inc.",ACET,"Adicet Bio, Inc.",NASDAQ,USD,美元,2025-03-31,Q,28133000.0,153563000.0,37708000.0,191271000.0,8000.0,8000.0,161446000.0,16447000.0,13378000.0,29825000.0,0.0,25397000.0,-25397000.0,0.0,2861000.0,-2861000.0,0.0,104000.0,-104000.0,-28214000.0,0.0,0.0,29885000.0,,22814000.0,0.0,-29885000.0,-12000.0,,-28214000.0,0.0,,,
"Adicet Bio, Inc.",ACET,"Adicet Bio, Inc.",NASDAQ,USD,美元,2024-12-31,Q,56495000.0,180136000.0,40083000.0,220219000.0,8000.0,8000.0,186609000.0,19392000.0,14218000.0,33610000.0,0.0,24101000.0,-24101000.0,0.0,22120000.0,-22120000.0,137000.0,0.0,137000.0,-28727000.0,0.0,0.0,30743000.0,,23273000.0,0.0,-30743000.0,-50000.0,,-28727000.0,0.0,,,
"Adicet Bio, Inc.",ACET,"Adicet Bio, Inc.",NASDAQ,USD,美元,2024-09-30,Q,105482000.0,206316000.0,39646000.0,245962000.0,8000.0,8000.0,211531000.0,19394000.0,15037000.0,34431000.0,0.0,22006000.0,-22006000.0,0.0,96581000.0,-96581000.0,,,0.0,-30478000.0,0.0,0.0,33153000.0,,26253000.0,0.0,-33153000.0,-54000.0,,-30478000.0,0.0,,,
"Acorn Energy, Inc.",ACFN,"Acorn Energy, Inc.",NASDAQ,USD,美元,2025-09-30,Q,4167000.0,6714000.0,5720000.0,12434000.0,25000.0,25000.0,7173000.0,3925000.0,1275000.0,5200000.0,895000.0,0.0,895000.0,0.0,4000.0,-4000.0,23000.0,0.0,23000.0,252000.0,2478000.0,2478000.0,2319000.0,533000.0,267000.0,0.0,159000.0,,,193000.0,-65000.0,10.774818401937045,78.4907183212268,0.199292263149429
"Acorn Energy, Inc.",ACFN,"Acorn Energy, Inc.",NASDAQ,USD,美元,2025-06-30,Q,3253000.0,6831000.0,5706000.0,12537000.0,25000.0,25000.0,6865000.0,4102000.0,1514000.0,5616000.0,629000.0,0.0,629000.0,0.0,15000.0,-15000.0,48000.0,0.0,48000.0,720000.0,3525000.0,3525000.0,2578000.0,886000.0,265000.0,0.0,947000.0,,,974000.0,242000.0,7.5177304964539005,74.86524822695036,0.2811677434793013
"Acorn Energy, Inc.",ACFN,"Acorn Energy, Inc.",NASDAQ,USD,美元,2025-03-31,Q,2591000.0,6169000.0,4965000.0,11134000.0,25000.0,25000.0,6065000.0,4438000.0,586000.0,5024000.0,271000.0,0.0,271000.0,0.0,6000.0,-6000.0,,,0.0,464000.0,3098000.0,3098000.0,2494000.0,772000.0,291000.0,0.0,604000.0,,,628000.0,154000.0,9.393156875403486,75.0806972240155,0.27824681156816955
"Acorn Energy, Inc.",ACFN,"Acorn Energy, Inc.",NASDAQ,USD,美元,2024-12-31,Q,2326000.0,5399000.0,5197000.0,10596000.0,25000.0,25000.0,5540000.0,4284000.0,736000.0,5020000.0,166000.0,0.0,166000.0,0.0,8000.0,-8000.0,15000.0,0.0,15000.0,5233000.0,3529000.0,3529000.0,2684000.0,973000.0,314000.0,0.0,845000.0,,,865000.0,-4379000.0,8.89770473221876,72.42844998583168,0.33305020762551907
"Acorn Energy, Inc.",ACFN,"Acorn Energy, Inc.",NASDAQ,USD,美元,2024-09-30,Q,2153000.0,4531000.0,872000.0,5403000.0,25000.0,25000.0,288000.0,4254000.0,835000.0,5089000.0,698000.0,0.0,698000.0,0.0,8000.0,-8000.0,,,0.0,725000.0,3050000.0,3050000.0,2294000.0,863000.0,234000.0,0.0,756000.0,,,776000.0,42000.0,7.672131147540984,71.70491803278689,0.5645012030353508
Arch Capital Group Ltd.,ACGL,Arch Capital Group Ltd.,NASDAQ,USD,美元,2025-09-30,Q,1063000000.0,,,79185000000.0,1000000.0,831000000.0,23719000000.0,,,55466000000.0,2186000000.0,0.0,2186000000.0,0.0,1383000000.0,-1383000000.0,0.0,743000000.0,-743000000.0,1350000000.0,4977000000.0,4977000000.0,3474000000.0,,,0.0,,,,1503000000.0,215000000.0,,,0.06285281303277136
Arch Capital Group Ltd.,ACGL,Arch Capital Group Ltd.,NASDAQ,USD,美元,2025-06-30,Q,983000000.0,,,78788000000.0,1000000.0,831000000.0,23041000000.0,,,55747000000.0,1124000000.0,0.0,1124000000.0,0.0,1228000000.0,-1228000000.0,0.0,128000000.0,-128000000.0,1237000000.0,4965000000.0,4965000000.0,3554000000.0,,,0.0,,,,1411000000.0,214000000.0,,,0.0630172107427527
Arch Capital Group Ltd.,ACGL,Arch Capital Group Ltd.,NASDAQ,USD,美元,2025-03-31,Q,1187000000.0,,,75176000000.0,1000000.0,831000000.0,21545000000.0,,,53631000000.0,1458000000.0,0.0,1458000000.0,0.0,1008000000.0,-1008000000.0,0.0,241000000.0,-241000000.0,574000000.0,4592000000.0,4592000000.0,3914000000.0,,,0.0,,,,678000000.0,121000000.0,,,0.06108332446525487
Arch Capital Group Ltd.,ACGL,Arch Capital Group Ltd.,NASDAQ,USD,美元,2024-12-31,Q,979000000.0,,,70906000000.0,1000000.0,831000000.0,20820000000.0,,,50086000000.0,1573000000.0,0.0,1573000000.0,420000000.0,0.0,420000000.0,0.0,1890000000.0,-1890000000.0,935000000.0,4506000000.0,4506000000.0,3569000000.0,,,0.0,,,,937000000.0,66000000.0,,,0.06354892392745325
Arch Capital Group Ltd.,ACGL,Arch Capital Group Ltd.,NASDAQ,USD,美元,2024-09-30,Q,1025000000.0,,,73656000000.0,1000000.0,831000000.0,22274000000.0,,,51382000000.0,2018000000.0,0.0,2018000000.0,0.0,1963000000.0,-1963000000.0,0.0,7000000.0,-7000000.0,988000000.0,4486000000.0,4486000000.0,3436000000.0,,,0.0,,,,1050000000.0,98000000.0,,,0.060904746388617356
